------------------------------------------------------------
-- 1) CHỨC VỤ
------------------------------------------------------------
INSERT INTO ChucVu (tenChucVu)
VALUES 
    (N'Admin'),
    (N'Nhân viên');

------------------------------------------------------------
-- 2) NHÂN VIÊN
------------------------------------------------------------
INSERT INTO NhanVien (maNV, tenNV, maChucVu, luong, soDienThoai)
VALUES
('NV001', N'Nguyễn Văn A', 1, 15000000, '0901234567'),
('NV002', N'Trần Thị B', 2, 8000000, '0907654321');

------------------------------------------------------------
-- 3) TÀI KHOẢN NHÂN VIÊN
------------------------------------------------------------
INSERT INTO TaiKhoanNhanVien (tenDangNhap, matKhau, vaiTro, maNV)
VALUES
('admin', '123456', N'Admin', 'NV001'),
('nhanvien01', '123456', N'Nhân viên', 'NV002');

------------------------------------------------------------
-- 4) KHÁCH HÀNG
------------------------------------------------------------
INSERT INTO KhachHang (maKH, tenKH, soDienThoai)
VALUES
('KH001', N'Lê Minh Huy', '0912345678'),
('KH002', N'Phạm Thu Trang', '0987654321');

------------------------------------------------------------
-- 5) KHUYẾN MÃI
------------------------------------------------------------
INSERT INTO KhuyenMai (maKM, tenKM, moTa, tiLeGiam, ngayBatDau, ngayKetThuc)
VALUES
('KM001', N'Giảm 10%', N'Áp dụng toàn bộ phim', 10, '2024-01-01', '2024-12-31');

------------------------------------------------------------
-- 6) ĐẠO DIỄN
------------------------------------------------------------
INSERT INTO DaoDien (maDD, tenDD, quocTich)
VALUES
('DD001', N'James Cameron', N'Mỹ'),
('DD002', N'Victor Vũ', N'Việt Nam');

------------------------------------------------------------
-- 7) THỂ LOẠI
------------------------------------------------------------
INSERT INTO TheLoai (tenTheLoai)
VALUES
(N'Hành động'),
(N'Kinh dị'),
(N'Hài');

------------------------------------------------------------
-- 8) PHIM
------------------------------------------------------------
INSERT INTO Phim (maPhim, tenPhim, maTheLoai, thoiLuong, maDD)
VALUES
('P001', N'Avatar 2', 1, 190, 'DD001'),
('P002', N'Mắt Biếc', 3, 120, 'DD002');

------------------------------------------------------------
-- 9) LOẠI PHÒNG
------------------------------------------------------------
INSERT INTO LoaiPhong (tenLoaiPhong)
VALUES
(N'2D'),
(N'3D');

------------------------------------------------------------
-- 10) PHÒNG CHIẾU
------------------------------------------------------------
INSERT INTO PhongChieu (maPhong, tenPhong, maLoaiPhong)
VALUES
('PC01', N'Phòng 1', 1),
('PC02', N'Phòng 2', 2);

------------------------------------------------------------
-- 11) GHẾ NGỒI (9 ghế)
------------------------------------------------------------
INSERT INTO GheNgoi (maGhe, hang, cot, maPhong)
VALUES
('G_A1', 'A', 1, 'PC01'),
('G_A2', 'A', 2, 'PC01'),
('G_A3', 'A', 3, 'PC01'),
('G_B1', 'B', 1, 'PC01'),
('G_B2', 'B', 2, 'PC01'),
('G_B3', 'B', 3, 'PC01'),
('G_C1', 'C', 1, 'PC01'),
('G_C2', 'C', 2, 'PC01'),
('G_C3', 'C', 3, 'PC01');

------------------------------------------------------------
-- 12) LỊCH CHIẾU
------------------------------------------------------------
INSERT INTO LichChieu (maLich, ngayChieu, gioBatDau, gioKetThuc, maPhim, maPhong)
VALUES
('LC001', '2024-11-30', '18:00', '20:10', 'P001', 'PC01'),
('LC002', '2024-11-30', '20:30', '22:30', 'P002', 'PC01');

------------------------------------------------------------
-- 13) VÉ XEM PHIM (2 ghế cho LC001)
------------------------------------------------------------
INSERT INTO VeXemPhim (maVe, maLich, maGhe, donGia)
VALUES
('VE001', 'LC001', 'G_A1', 90000),
('VE002', 'LC001', 'G_A2', 90000);

------------------------------------------------------------
-- 14) HÓA ĐƠN
------------------------------------------------------------
INSERT INTO HoaDon (maHD, tongTien, giamGia, thanhToan, maNV, maKH, maKM)
VALUES 
('HD001', 180000, 18000, 162000, 'NV002', 'KH001', 'KM001');

------------------------------------------------------------
-- 15) CHI TIẾT HÓA ĐƠN
------------------------------------------------------------
INSERT INTO ChiTietHoaDon (maHD, maVe, donGia)
VALUES
('HD001', 'VE001', 90000),
('HD001', 'VE002', 90000);

------------------------------------------------------------
-- 16) THANH TOÁN
------------------------------------------------------------
INSERT INTO ThanhToan (maThanhToan, maHD, phuongThuc, trangThai)
VALUES
('TT001', 'HD001', N'Tiền mặt', N'Hoàn tất');
